Datetime,Open,High,Low,Close,Volume,Dividends,Stock Splits,Capital Gains,AwesomeOsc,RSI
2023-04-27 09:30:00-04:00,407.0,407.1700134277344,406.739990234375,406.82000732421875,2623874,0.0,0.0,0.0,1.7830902099609602,88.1149830549099
2023-04-27 09:31:00-04:00,406.82000732421875,406.92999267578125,406.739990234375,406.80999755859375,330169,0.0,0.0,0.0,1.2470825195312614,87.76277462754926
2023-04-27 09:32:00-04:00,406.8299865722656,407.04998779296875,406.8299865722656,406.989990234375,250375,0.0,0.0,0.0,0.9340789794921989,88.77158464923504
2023-04-27 09:33:00-04:00,407.0,407.05999755859375,406.75,406.8299865722656,306901,0.0,0.0,0.0,0.46604309082033524,81.32219605071364
2023-04-27 09:34:00-04:00,406.8299865722656,407.0899963378906,406.82000732421875,407.0299987792969,317043,0.0,0.0,0.0,0.03700561523436363,83.48739955884832
2023-04-27 09:35:00-04:00,407.0400085449219,407.2099914550781,406.989990234375,407.19000244140625,321035,0.0,0.0,0.0,0.15299682617188637,85.20269512517427
2023-04-27 09:36:00-04:00,407.19000244140625,407.29998779296875,407.05999755859375,407.260009765625,360039,0.0,0.0,0.0,0.16399841308594887,85.99817935076805
2023-04-27 09:37:00-04:00,407.25,407.3999938964844,407.19500732421875,407.25,281139,0.0,0.0,0.0,0.21000366210938637,85.17976015657881
2023-04-27 09:38:00-04:00,407.260009765625,407.3876953125,407.19000244140625,407.3299865722656,235270,0.0,0.0,0.0,0.12458190917971024,86.4662541317413
2023-04-27 09:39:00-04:00,407.3399963378906,407.40020751953125,407.2300109863281,407.29998779296875,208375,0.0,0.0,0.0,0.07882080078127274,83.08504604228031
2023-04-27 09:40:00-04:00,407.29998779296875,407.5299987792969,407.2749938964844,407.3900146484375,366317,0.0,0.0,0.0,0.10570678710939774,85.24890098435391
2023-04-27 09:41:00-04:00,407.3900146484375,407.3900146484375,407.19500732421875,407.2099914550781,202302,0.0,0.0,0.0,-0.02678222656248863,64.594260229298
2023-04-27 09:42:00-04:00,407.20001220703125,407.260009765625,406.8599853515625,406.9100036621094,446725,0.0,0.0,0.0,-0.21179504394530113,42.928971696420575
2023-04-27 09:43:00-04:00,406.8999938964844,407.0299987792969,406.8500061035156,407.0199890136719,253406,0.0,0.0,0.0,-0.26202087402344887,50.532752237632366
2023-04-27 09:44:00-04:00,407.0400085449219,407.1099853515625,406.8999938964844,406.94000244140625,203629,0.0,0.0,0.0,-0.135009765625,45.07356447345056
2023-04-27 09:45:00-04:00,406.95001220703125,407.04998779296875,406.8299865722656,406.9100036621094,250320,0.0,0.0,0.0,-0.10751037597657387,42.9007793887423
2023-04-27 09:46:00-04:00,407.0199890136719,407.1300048828125,406.8599853515625,407.0199890136719,176362,0.0,0.0,0.0,0.007000732421886369,53.23264898845855
2023-04-27 09:47:00-04:00,407.0299987792969,407.1000061035156,406.9200134277344,407.07000732421875,156701,0.0,0.0,0.0,0.032012939453125,57.59453898908768
2023-04-27 09:48:00-04:00,407.0799865722656,407.1400146484375,406.9700012207031,407.0899963378906,143189,0.0,0.0,0.0,0.05401000976564774,59.48230859598991
2023-04-27 09:49:00-04:00,407.1000061035156,407.19000244140625,407.0120849609375,407.18548583984375,124103,0.0,0.0,0.0,0.08083496093752274,67.9911673224816
2023-04-27 09:50:00-04:00,407.19000244140625,407.4800109863281,407.19000244140625,407.25,416970,0.0,0.0,0.0,0.2357940673828125,72.8128604812417
2023-04-27 09:51:00-04:00,407.25,407.3599853515625,407.1700134277344,407.29998779296875,122014,0.0,0.0,0.0,0.111785888671875,76.27437614707955
2023-04-27 09:52:00-04:00,407.2900085449219,407.4200134277344,407.2300109863281,407.3949890136719,191133,0.0,0.0,0.0,0.10879821777342613,81.7840885323921
2023-04-27 09:53:00-04:00,407.3900146484375,407.7099914550781,407.3800048828125,407.6099853515625,323635,0.0,0.0,0.0,0.23078613281251137,89.00626847314471
2023-04-27 09:54:00-04:00,407.6099853515625,407.7200012207031,407.5751953125,407.69140625,152831,0.0,0.0,0.0,0.2240753173828125,90.74357188107965
2023-04-27 09:55:00-04:00,407.69500732421875,407.8500061035156,407.69500732421875,407.80999755859375,427001,0.0,0.0,0.0,0.26148376464846024,92.81172323501136
2023-04-27 09:56:00-04:00,407.80999755859375,407.80999755859375,407.6400146484375,407.760009765625,188284,0.0,0.0,0.0,0.12198181152342613,83.03645265452167
2023-04-27 09:57:00-04:00,407.75799560546875,407.80999755859375,407.44000244140625,407.4977111816406,265071,0.0,0.0,0.0,-0.03802185058594887,49.11002634623036
2023-04-27 09:58:00-04:00,407.4949951171875,407.5899963378906,407.3699951171875,407.42999267578125,287616,0.0,0.0,0.0,-0.17002563476563637,43.389041262437765
2023-04-27 09:59:00-04:00,407.42999267578125,407.6099853515625,407.42999267578125,407.57000732421875,188554,0.0,0.0,0.0,-0.10451049804686363,56.489136907184054
2023-04-27 10:00:00-04:00,407.6099853515625,407.69000244140625,407.510009765625,407.6099853515625,159379,0.0,0.0,0.0,0.010006713867198869,59.80857985008116
2023-04-27 10:01:00-04:00,407.6199951171875,407.7799987792969,407.42999267578125,407.57000732421875,300516,0.0,0.0,0.0,0.03899841308594887,54.60163289214926
2023-04-27 10:02:00-04:00,407.57000732421875,407.739990234375,407.5487976074219,407.7200012207031,200023,0.0,0.0,0.0,0.07451782226564774,67.76376436538965
2023-04-27 10:03:00-04:00,407.7149963378906,407.8399963378906,407.7149963378906,407.7699890136719,160616,0.0,0.0,0.0,0.14812011718748863,71.23761596017154
2023-04-27 10:04:00-04:00,407.7799987792969,407.80999755859375,407.57000732421875,407.69000244140625,244082,0.0,0.0,0.0,0.02662353515626137,58.605683106014105
2023-04-27 10:05:00-04:00,407.70001220703125,407.739990234375,407.6099853515625,407.635009765625,113599,0.0,0.0,0.0,-0.003387451171875,50.85574504668759
2023-04-27 10:06:00-04:00,407.6499938964844,407.672607421875,407.44500732421875,407.5299987792969,249424,0.0,0.0,0.0,-0.11033020019533524,38.65462153517338
2023-04-27 10:07:00-04:00,407.5400085449219,407.6400146484375,407.4601135253906,407.489990234375,100790,0.0,0.0,0.0,-0.10020751953123863,34.690897827682946
2023-04-27 10:08:00-04:00,407.4800109863281,407.7900085449219,407.4599914550781,407.7616882324219,300051,0.0,0.0,0.0,0.005227661132835237,65.08381660248071
2023-04-27 10:09:00-04:00,407.7699890136719,407.7900085449219,407.6499938964844,407.7099914550781,112006,0.0,0.0,0.0,0.09422912597653976,58.597947950926276
2023-04-27 10:10:00-04:00,407.70001220703125,407.7799987792969,407.6600036621094,407.6600036621094,211839,0.0,0.0,0.0,0.08522644042966476,52.29859861924105
2023-04-27 10:11:00-04:00,407.6600036621094,407.7099914550781,407.6000061035156,407.7001037597656,108754,0.0,0.0,0.0,0.0009857177734602374,56.940286190644876
2023-04-27 10:12:00-04:00,407.70001220703125,407.8299865722656,407.69500732421875,407.760009765625,180188,0.0,0.0,0.0,0.06599731445311363,63.56153345517156
2023-04-27 10:13:00-04:00,408.0050048828125,408.010009765625,407.7200012207031,408.0050048828125,183290,0.0,0.0,0.0,0.12050476074216476,79.59861621663566
2023-04-27 10:14:00-04:00,408.010009765625,408.4100036621094,407.9700012207031,408.3999938964844,326278,0.0,0.0,0.0,0.35150146484375,89.18821315529095
2023-04-27 10:15:00-04:00,408.4700012207031,408.4700012207031,408.4700012207031,408.4700012207031,634255,0.0,0.0,0.0,0.48150024414064774,90.20793875989816
2023-04-27 10:16:00-04:00,408.4800109863281,408.510009765625,408.3900146484375,408.3900146484375,269143,0.0,0.0,0.0,0.30250854492186363,79.49933246877299
2023-04-27 10:17:00-04:00,408.2200012207031,408.2200012207031,408.2200012207031,408.2200012207031,347010,0.0,0.0,0.0,-0.019003295898414763,60.43729358658132
2023-04-27 10:18:00-04:00,408.2300109863281,408.32000732421875,408.19000244140625,408.2099914550781,283030,0.0,0.0,0.0,-0.06199951171873863,59.389285419468976
2023-04-27 10:19:00-04:00,408.2099914550781,408.3299865722656,408.1600036621094,408.2601013183594,14759789,0.0,0.0,0.0,-0.0830078125,63.364586929517976
2023-04-27 10:20:00-04:00,408.260009765625,408.2699890136719,408.04998779296875,408.1300048828125,197084,0.0,0.0,0.0,-0.10601196289064774,48.08821317420082
2023-04-27 10:21:00-04:00,408.1300048828125,408.1400146484375,407.9700012207031,407.9700012207031,173292,0.0,0.0,0.0,-0.13199157714842613,35.08458485976274
2023-04-27 10:22:00-04:00,407.9800109863281,408.1300048828125,407.9599914550781,408.1300048828125,186359,0.0,0.0,0.0,-0.10700073242185226,51.48378968777134
2023-04-27 10:23:00-04:00,408.1199951171875,408.1400146484375,408.010009765625,408.0899963378906,86764,0.0,0.0,0.0,-0.04098815917967613,47.71611920020038
2023-04-27 10:24:00-04:00,408.1000061035156,408.1600036621094,408.0299987792969,408.0899963378906,239114,0.0,0.0,0.0,0.008999633789073869,47.71611920020038
2023-04-27 10:25:00-04:00,408.0899963378906,408.1199951171875,407.94500732421875,407.95001220703125,165696,0.0,0.0,0.0,-0.02800292968748863,34.08095805364492
2023-04-27 10:26:00-04:00,407.9599914550781,408.04998779296875,407.9200134277344,408.0,442713,0.0,0.0,0.0,-0.06150207519533524,41.53796060563485
2023-04-27 10:27:00-04:00,407.989990234375,408.04998779296875,407.9700012207031,408.0,80553,0.0,0.0,0.0,-0.02950744628907387,41.53796060563485
2023-04-27 10:28:00-04:00,408.1199951171875,408.1199951171875,407.989990234375,408.1199951171875,16609009,0.0,0.0,0.0,0.019494628906272737,58.953844726044466
2023-04-27 10:29:00-04:00,408.1099853515625,408.2065124511719,408.04998779296875,408.19000244140625,99292,0.0,0.0,0.0,0.08610229492188637,66.27962485823784
2023-04-27 10:30:00-04:00,408.19500732421875,408.2799987792969,408.1300048828125,408.260009765625,211626,0.0,0.0,0.0,0.12835388183594887,72.43030764350395
2023-04-27 10:31:00-04:00,408.25,408.30999755859375,408.1199951171875,408.24139404296875,127257,0.0,0.0,0.0,0.09234924316405113,68.28998322197388
2023-04-27 10:32:00-04:00,408.239990234375,408.3399963378906,408.2200012207031,408.3203125,370912,0.0,0.0,0.0,0.10335083007811363,75.66227767455204
2023-04-27 10:33:00-04:00,408.32501220703125,408.3699951171875,408.20001220703125,408.3399963378906,188194,0.0,0.0,0.0,0.06235351562497726,77.30716503273555
2023-04-27 10:34:00-04:00,408.32000732421875,408.4200134277344,408.25,408.4200134277344,215154,0.0,0.0,0.0,0.07100524902341476,83.10829608905237
2023-04-27 10:35:00-04:00,408.4100036621094,408.42999267578125,408.32000732421875,408.3999938964844,160584,0.0,0.0,0.0,0.07699890136717613,76.95586430101699
2023-04-27 10:36:00-04:00,408.3999938964844,408.5199890136719,408.3699951171875,408.5,296568,0.0,0.0,0.0,0.10099182128908524,84.24072530356824
2023-04-27 10:37:00-04:00,408.5,408.5199890136719,408.3999938964844,408.489990234375,133027,0.0,0.0,0.0,0.07999267578122726,81.03560638718551
2023-04-27 10:38:00-04:00,408.4991149902344,408.510009765625,408.45001220703125,408.50140380859375,88610,0.0,0.0,0.0,0.06101074218747726,82.0111213039778
2023-04-27 10:39:00-04:00,408.5050048828125,408.57000732421875,408.4100036621094,408.4649963378906,227730,0.0,0.0,0.0,0.04000549316407387,68.05315694260673
2023-04-27 10:41:00-04:00,408.5299987792969,408.53009033203125,408.3699951171875,408.3736877441406,336571,0.0,0.0,0.0,-0.014965820312511369,44.37603221591652
2023-04-27 10:42:00-04:00,408.3800048828125,408.3900146484375,408.1199951171875,408.25,247045,0.0,0.0,0.0,-0.17200622558596024,27.924863132050277
2023-04-27 10:43:00-04:00,408.25,408.30999755859375,408.1600036621094,408.1700134277344,117354,0.0,0.0,0.0,-0.14701232910158524,21.486055829244634
2023-04-27 10:44:00-04:00,408.1700134277344,408.3999938964844,408.1700134277344,408.3800048828125,131947,0.0,0.0,0.0,-0.05800781250002274,55.30534672009307
2023-04-27 10:45:00-04:00,408.385009765625,408.3900146484375,408.2799987792969,408.2950134277344,96439,0.0,0.0,0.0,0.0229949951171875,45.4095913495715
2023-04-27 10:46:00-04:00,408.29998779296875,408.44000244140625,408.2900085449219,408.3399963378906,416717,0.0,0.0,0.0,0.07000122070314774,51.187791557344205
2023-04-27 10:47:00-04:00,408.3399963378906,408.3399963378906,408.17999267578125,408.1907043457031,114548,0.0,0.0,0.0,-0.03600769042969887,35.56901388209644
2023-04-27 10:48:00-04:00,408.20001220703125,408.3999938964844,408.20001220703125,408.32220458984375,73845,0.0,0.0,0.0,-0.008999633789073869,51.77157835055112
2023-04-27 10:49:00-04:00,408.32000732421875,408.3699951171875,408.25,408.3699951171875,85137,0.0,0.0,0.0,-0.004003906249977263,56.71626715498504
2023-04-27 10:50:00-04:00,408.364990234375,408.3900146484375,408.2099914550781,408.2200012207031,88564,0.0,0.0,0.0,-0.006997680664085237,40.44710640920402
2023-04-27 10:51:00-04:00,408.2200012207031,408.2200012207031,408.0400085449219,408.0400085449219,127358,0.0,0.0,0.0,-0.12999572753903976,28.279199442531294
2023-04-27 10:52:00-04:00,408.0450134277344,408.1300048828125,407.8999938964844,408.0799865722656,221988,0.0,0.0,0.0,-0.19600219726561363,33.80775965446337
2023-04-27 10:53:00-04:00,408.0799865722656,408.17999267578125,407.989990234375,408.0,136205,0.0,0.0,0.0,-0.0830078125,28.34355481459413
2023-04-27 10:54:00-04:00,408.0,408.1000061035156,407.9599914550781,408.0199890136719,105594,0.0,0.0,0.0,-0.082000732421875,31.787519685382065
2023-04-27 10:55:00-04:00,408.010009765625,408.010009765625,407.7799987792969,407.80999755859375,190995,0.0,0.0,0.0,-0.13599548339846024,19.487950631046587
2023-04-27 10:56:00-04:00,407.82000732421875,407.82000732421875,407.6000061035156,407.6449890136719,209281,0.0,0.0,0.0,-0.23699340820314774,14.121125985691876
2023-04-27 10:57:00-04:00,407.6499938964844,407.7799987792969,407.5799865722656,407.7200012207031,157665,0.0,0.0,0.0,-0.20000610351564774,25.741796670279
2023-04-27 10:58:00-04:00,407.7099914550781,407.80999755859375,407.6600036621094,407.7300109863281,81359,0.0,0.0,0.0,-0.07499999999998863,27.38086811201184
2023-04-27 10:59:00-04:00,407.739990234375,407.7699890136719,407.6499938964844,407.6990051269531,60823,0.0,0.0,0.0,-0.03600769042969887,25.225035170092013
2023-04-27 11:00:00-04:00,407.7099914550781,407.7998962402344,407.6400146484375,407.70001220703125,119516,0.0,0.0,0.0,0.008966064453147737,25.463304569376447
2023-04-27 11:01:00-04:00,407.69500732421875,407.79998779296875,407.69000244140625,407.7799987792969,75323,0.0,0.0,0.0,0.027008056640625,43.37646217655355
2023-04-27 11:02:00-04:00,407.7799987792969,407.8399963378906,407.70001220703125,407.7500915527344,104657,0.0,0.0,0.0,0.03401489257811363,38.99626107962461
2023-04-27 11:03:00-04:00,407.7799987792969,407.79998779296875,407.67999267578125,407.70001220703125,66738,0.0,0.0,0.0,0.0030029296875113687,32.192007369624235
2023-04-27 11:04:00-04:00,407.70001220703125,407.7900085449219,407.69000244140625,407.70001220703125,57407,0.0,0.0,0.0,-0.0029846191406477374,32.192007369624235
2023-04-27 11:05:00-04:00,407.7099914550781,407.8500061035156,407.7099914550781,407.8500061035156,68951,0.0,0.0,0.0,0.024999999999977263,62.67247754704979
2023-04-27 11:06:00-04:00,407.760009765625,407.8554992675781,407.70001220703125,407.760009765625,69605,0.0,0.0,0.0,0.016204833984375,46.870767116019124
2023-04-27 11:07:00-04:00,407.79998779296875,407.80999755859375,407.7200012207031,407.79998779296875,67959,0.0,0.0,0.0,0.004449462890647737,53.39548534378636
2023-04-27 11:08:00-04:00,407.7900085449219,407.8299865722656,407.54998779296875,407.6300048828125,120592,0.0,0.0,0.0,-0.0605621337890625,32.30778232837494
2023-04-27 11:09:00-04:00,407.6300048828125,407.6700134277344,407.5199890136719,407.6700134277344,102956,0.0,0.0,0.0,-0.12654724121091476,39.35441215612865
2023-04-27 11:10:00-04:00,407.67999267578125,407.760009765625,407.6400146484375,407.7099914550781,100594,0.0,0.0,0.0,-0.0055389404296875,46.33244689541844
2023-04-27 11:11:00-04:00,407.7300109863281,407.7550048828125,407.5409851074219,407.6199951171875,112614,0.0,0.0,0.0,-0.03160400390623863,35.00016244696569
2023-04-27 11:12:00-04:00,407.61749267578125,407.61749267578125,407.45001220703125,407.4700012207031,124636,0.0,0.0,0.0,-0.09959716796873863,23.18574975435078
2023-04-27 11:13:00-04:00,407.4599914550781,407.7200012207031,407.4549865722656,407.7200012207031,123107,0.0,0.0,0.0,-0.02535705566407387,54.901740948682345
2023-04-27 11:14:00-04:00,407.7099914550781,407.739990234375,407.6499938964844,407.7200012207031,77450,0.0,0.0,0.0,0.06214294433596024,54.901740948682345
2023-04-27 11:15:00-04:00,407.7349853515625,407.739990234375,407.6499938964844,407.67999267578125,132281,0.0,0.0,0.0,0.06314697265622726,49.76386761909662
2023-04-27 11:16:00-04:00,407.70001220703125,407.7699890136719,407.6600036621094,407.7401123046875,46663,0.0,0.0,0.0,0.06975097656248863,57.274227496643384
2023-04-27 11:17:00-04:00,407.7300109863281,407.7300109863281,407.6000061035156,407.6400146484375,88332,0.0,0.0,0.0,-0.006488037109363631,43.68261912992644
2023-04-27 11:18:00-04:00,407.6300964355469,407.75030517578125,407.5799865722656,407.70001220703125,66702,0.0,0.0,0.0,-0.021881103515625,52.18425037121081
2023-04-27 11:19:00-04:00,407.7099914550781,407.7099914550781,407.6199951171875,407.70001220703125,67002,0.0,0.0,0.0,-0.01603393554688637,52.18425037121081
2023-04-27 11:20:00-04:00,407.70001220703125,407.7300109863281,407.6499938964844,407.7300109863281,64264,0.0,0.0,0.0,0.009973144531272737,57.228580575080734
2023-04-27 11:21:00-04:00,407.7200012207031,407.8399963378906,407.70001220703125,407.7799987792969,117773,0.0,0.0,0.0,0.07897338867189774,64.93389638603247
2023-04-27 11:22:00-04:00,407.7699890136719,407.8599853515625,407.75,407.8599853515625,62493,0.0,0.0,0.0,0.08596496582032387,74.2223472166778
2023-04-27 11:23:00-04:00,407.8599853515625,408.29998779296875,407.8599853515625,408.2699890136719,336013,0.0,0.0,0.0,0.27799072265622726,90.442857312479
2023-04-27 11:24:00-04:00,408.2749938964844,408.4200134277344,408.2300109863281,408.4200134277344,114465,0.0,0.0,0.0,0.39101257324216476,92.5787614091983
2023-04-27 11:25:00-04:00,408.4150085449219,408.8800048828125,408.4100036621094,408.8699951171875,327959,0.0,0.0,0.0,0.5200042724609375,95.96212836276307
2023-04-27 11:26:00-04:00,408.8699951171875,408.94000244140625,408.760009765625,408.7799987792969,309041,0.0,0.0,0.0,0.5090057373046761,86.14381642650991
2023-04-27 11:27:00-04:00,408.7799987792969,408.8399963378906,408.7200012207031,408.7200012207031,245430,0.0,0.0,0.0,0.24399719238283524,79.37605244446907
2023-04-27 11:28:00-04:00,408.7200012207031,408.95550537109375,408.7135009765625,408.8599853515625,313640,0.0,0.0,0.0,0.1475982666015625,83.2206542035296
2023-04-27 11:29:00-04:00,408.8699951171875,408.92999267578125,408.760009765625,408.7900085449219,235101,0.0,0.0,0.0,0.05409851074216476,74.53817686654548
2023-04-27 11:30:00-04:00,408.7900085449219,408.9599914550781,408.760009765625,408.8900146484375,445872,0.0,0.0,0.0,0.026098632812477263,78.53818892130876
2023-04-27 11:31:00-04:00,408.8800048828125,409.1499938964844,408.8800048828125,409.04998779296875,281636,0.0,0.0,0.0,0.14809875488282387,83.66836306954741
2023-04-27 11:32:00-04:00,409.04998779296875,409.05999755859375,408.9700012207031,409.0,202381,0.0,0.0,0.0,0.10109863281252274,76.52359705890387
2023-04-27 11:33:00-04:00,409.010009765625,409.05999755859375,408.739990234375,408.7850036621094,301748,0.0,0.0,0.0,-0.02700500488282387,52.445882991144465
2023-04-27 11:34:00-04:00,408.7850036621094,408.8999938964844,408.7850036621094,408.82000732421875,130964,0.0,0.0,0.0,-0.0839996337890625,55.30771953763109
2023-04-27 11:35:00-04:00,408.82501220703125,408.8500061035156,408.7300109863281,408.79998779296875,165112,0.0,0.0,0.0,-0.12249145507814774,53.026333713997865
2023-04-27 11:36:00-04:00,408.80999755859375,408.8399963378906,408.739990234375,408.7409973144531,75197,0.0,0.0,0.0,-0.07750549316403976,46.03249617132085
2023-04-27 11:37:00-04:00,408.760009765625,408.7799987792969,408.70001220703125,408.760009765625,108816,0.0,0.0,0.0,-0.0724945068359375,48.7554354223113
2023-04-27 11:38:00-04:00,408.760009765625,408.79998779296875,408.5400085449219,408.54998779296875,188905,0.0,0.0,0.0,-0.09650268554685226,28.735545047157302
2023-04-27 11:39:00-04:00,408.54998779296875,408.6199951171875,408.5350036621094,408.55999755859375,95099,0.0,0.0,0.0,-0.1360015869140625,30.437251238125526
2023-04-27 11:40:00-04:00,408.5596923828125,408.6199951171875,408.5,408.55999755859375,123583,0.0,0.0,0.0,-0.10750122070311363,30.437251238125526
2023-04-27 11:41:00-04:00,408.55999755859375,408.6499938964844,408.5299987792969,408.6199951171875,77778,0.0,0.0,0.0,-0.03750305175782387,43.150772995182734
2023-04-27 11:42:00-04:00,408.6400146484375,408.79998779296875,408.6317138671875,408.79998779296875,221876,0.0,0.0,0.0,0.09318237304688637,66.26884511904676
2023-04-27 11:43:00-04:00,408.80999755859375,408.8500061035156,408.70001220703125,408.7149963378906,121416,0.0,0.0,0.0,0.13133850097653976,53.4415153712991
2023-04-27 11:44:00-04:00,408.7099914550781,408.760009765625,408.65960693359375,408.6799011230469,179638,0.0,0.0,0.0,0.03967590332030113,48.58716549750489
2023-04-27 11:45:00-04:00,408.67999267578125,408.75,408.6000061035156,408.6600036621094,71139,0.0,0.0,0.0,-0.01813049316405113,45.64857351533786
2023-04-27 11:46:00-04:00,408.7349853515625,408.760009765625,408.6400146484375,408.7349853515625,39587,0.0,0.0,0.0,-0.015124511718738631,57.69972380176153
2023-04-27 11:47:00-04:00,408.7449951171875,408.79998779296875,408.739990234375,408.7560119628906,71981,0.0,0.0,0.0,0.04402465820311363,60.7502745696427
2023-04-27 11:48:00-04:00,408.75,408.8299865722656,408.6925048828125,408.7810974121094,84617,0.0,0.0,0.0,0.03803405761721024,64.56156621116565
2023-04-27 11:49:00-04:00,408.7900085449219,408.889892578125,408.7699890136719,408.8782958984375,89807,0.0,0.0,0.0,0.08270263671875,75.89728665960367
2023-04-27 11:50:00-04:00,408.8800048828125,409.0199890136719,408.8800048828125,408.9200134277344,289638,0.0,0.0,0.0,0.14776000976564774,79.42770688000071
2023-04-27 11:51:00-04:00,408.8999938964844,408.989990234375,408.8900146484375,408.92999267578125,89133,0.0,0.0,0.0,0.0897674560546875,80.29091626217674
2023-04-27 11:52:00-04:00,408.9281921386719,408.9898986816406,408.8500061035156,408.9798889160156,101005,0.0,0.0,0.0,0.03972473144528976,84.3857374617788
2023-04-27 11:53:00-04:00,408.9599914550781,409.0282897949219,408.9150085449219,409.0282897949219,68983,0.0,0.0,0.0,0.04934082031252274,87.5277548604554
2023-04-27 11:54:00-04:00,409.0299987792969,409.0799865722656,408.9700012207031,408.989990234375,133704,0.0,0.0,0.0,0.0636749267578125,72.99826957694026
2023-04-27 11:55:00-04:00,408.989990234375,409.05999755859375,408.92999267578125,408.9800109863281,133728,0.0,0.0,0.0,0.02467651367186363,69.25403080309268
2023-04-27 11:56:00-04:00,408.989990234375,409.1300048828125,408.9200134277344,409.114990234375,141533,0.0,0.0,0.0,0.037689208984375,83.53384171346407
2023-04-27 11:57:00-04:00,409.1199951171875,409.2099914550781,409.07000732421875,409.1050109863281,86123,0.0,0.0,0.0,0.10867004394532387,80.09599964858401
2023-04-27 11:58:00-04:00,409.1000061035156,409.19000244140625,409.0799865722656,409.0899963378906,78742,0.0,0.0,0.0,0.07099609375001137,74.3418126001776
2023-04-27 11:59:00-04:00,409.0849914550781,409.18011474609375,409.0682067871094,409.1700134277344,102683,0.0,0.0,0.0,0.0403289794921875,82.64668801153704
2023-04-27 12:00:00-04:00,409.1700134277344,409.3699951171875,409.1600036621094,409.32000732421875,188051,0.0,0.0,0.0,0.127166748046875,90.13128679590085
2023-04-27 12:01:00-04:00,409.32000732421875,409.35009765625,409.239990234375,409.32000732421875,134503,0.0,0.0,0.0,0.10320434570314774,90.13128679590085
2023-04-27 12:02:00-04:00,409.32000732421875,409.6300048828125,409.32000732421875,409.5450134277344,249332,0.0,0.0,0.0,0.21616516113283524,95.09249605190746
2023-04-27 12:03:00-04:00,409.5400085449219,409.54998779296875,409.4599914550781,409.4898986816406,174531,0.0,0.0,0.0,0.172149658203125,82.40783044369165
2023-04-27 12:04:00-04:00,409.4898986816406,409.5799865722656,409.4800109863281,409.5,136992,0.0,0.0,0.0,0.11599121093752274,82.92950441237562
2023-04-27 12:05:00-04:00,409.5,409.5199890136719,409.44000244140625,409.4649963378906,132846,0.0,0.0,0.0,0.022988891601585237,73.48991804940069
2023-04-27 12:06:00-04:00,409.4599914550781,409.510009765625,409.4200134277344,409.4750061035156,115578,0.0,0.0,0.0,-0.02598876953123863,74.52638375069938
2023-04-27 12:07:00-04:00,409.4800109863281,409.5065002441406,409.3900146484375,409.45001220703125,86954,0.0,0.0,0.0,-0.03739318847658524,66.42107045605663
2023-04-27 12:08:00-04:00,409.45001220703125,409.4700012207031,409.385009765625,409.44000244140625,176522,0.0,0.0,0.0,-0.0426483154296875,62.991485518041124
2023-04-27 12:09:00-04:00,409.44000244140625,409.510009765625,409.3900146484375,409.510009765625,107754,0.0,0.0,0.0,-0.004144287109397737,74.50157374246874
2023-04-27 12:10:00-04:00,409.510009765625,409.55999755859375,409.5,409.5150146484375,83375,0.0,0.0,0.0,0.0658416748046875,75.1910909580143
2023-04-27 12:11:00-04:00,409.510009765625,409.5150146484375,409.3599853515625,409.3900146484375,118871,0.0,0.0,0.0,-0.021154785156227263,40.7711203351508
2023-04-27 12:12:00-04:00,409.3800048828125,409.3999938964844,409.3800048828125,409.3800048828125,101707,0.0,0.0,0.0,-0.05700378417969887,38.98478432194991
2023-04-27 12:13:00-04:00,409.3800048828125,409.44891357421875,409.3699951171875,409.44891357421875,89037,0.0,0.0,0.0,-0.03393859863280113,55.690566455568266
2023-04-27 12:14:00-04:00,409.44000244140625,409.49139404296875,409.44000244140625,409.4800109863281,67463,0.0,0.0,0.0,0.01916809082030113,61.61858914003604
2023-04-27 12:15:00-04:00,409.489990234375,409.6000061035156,409.489990234375,409.57501220703125,428528,0.0,0.0,0.0,0.09546813964846024,74.59684371136933
2023-04-27 12:16:00-04:00,409.57000732421875,409.614990234375,409.5299987792969,409.610107421875,142935,0.0,0.0,0.0,0.09596557617186363,78.02768004636859
2023-04-27 12:17:00-04:00,409.6199951171875,409.67999267578125,409.5400085449219,409.55999755859375,203828,0.0,0.0,0.0,0.08947143554689774,62.872576607398265
2023-04-27 12:18:00-04:00,409.56500244140625,409.6199951171875,409.489990234375,409.6000061035156,139218,0.0,0.0,0.0,0.0053558349609375,68.90091210346351
2023-04-27 12:19:00-04:00,409.6099853515625,409.6700134277344,409.55999755859375,409.55999755859375,86025,0.0,0.0,0.0,0.0355072021484375,57.276097479829076
2023-04-27 12:20:00-04:00,409.54998779296875,409.5972900390625,409.5299987792969,409.5893859863281,68692,0.0,0.0,0.0,-0.019583129882789763,63.00689950529622
2023-04-27 12:21:00-04:00,409.5849914550781,409.5849914550781,409.4400939941406,409.4679870605469,83903,0.0,0.0,0.0,-0.05869445800783524,37.224551408399996
2023-04-27 12:22:00-04:00,409.4649963378906,409.510009765625,409.4100036621094,409.489990234375,106062,0.0,0.0,0.0,-0.08123168945314774,42.550546471442466
2023-04-27 12:23:00-04:00,409.4700012207031,409.5299987792969,409.45001220703125,409.5050048828125,70597,0.0,0.0,0.0,-0.03823547363282387,46.427517514302416
2023-04-27 12:24:00-04:00,409.510009765625,409.6300048828125,409.4949951171875,409.614990234375,141129,0.0,0.0,0.0,0.04476013183591476,66.88817152589414
2023-04-27 12:25:00-04:00,409.6199951171875,409.6400146484375,409.5950012207031,409.6300048828125,71544,0.0,0.0,0.0,0.08899536132810226,68.9141324548365
2023-04-27 12:26:00-04:00,409.6199951171875,409.6499938964844,409.5400085449219,409.54998779296875,73465,0.0,0.0,0.0,0.04999694824221024,48.95888824813303
2023-04-27 12:27:00-04:00,409.5450134277344,409.6499938964844,409.5400085449219,409.6199951171875,73539,0.0,0.0,0.0,0.02299804687498863,61.23496667968017
2023-04-27 12:28:00-04:00,409.6199951171875,409.6700134277344,409.54998779296875,409.55999755859375,102990,0.0,0.0,0.0,0.013998413085914763,48.68977251267954
2023-04-27 12:29:00-04:00,409.57000732421875,409.6099853515625,409.5,409.5188903808594,78315,0.0,0.0,0.0,-0.03950805664061363,41.421975283787766
2023-04-27 12:30:00-04:00,409.5150146484375,409.5799865722656,409.510009765625,409.5199890136719,141703,0.0,0.0,0.0,-0.03500061035157387,41.71263470166751
2023-04-27 12:31:00-04:00,409.510009765625,409.5400085449219,409.44000244140625,409.510009765625,137011,0.0,0.0,0.0,-0.06899414062502274,39.48794485406538
2023-04-27 12:32:00-04:00,409.5199890136719,409.6300048828125,409.489990234375,409.6199951171875,128427,0.0,0.0,0.0,0.007998657226551131,65.11802485355523
2023-04-27 12:33:00-04:00,409.6300048828125,409.6300048828125,409.568603515625,409.6000061035156,79193,0.0,0.0,0.0,0.04944458007810226,59.402221530726514
2023-04-27 12:34:00-04:00,409.6000061035156,409.6099853515625,409.5299987792969,409.5599060058594,77019,0.0,0.0,0.0,0.01713256835938637,48.68594848125706
2023-04-27 12:35:00-04:00,409.5473937988281,409.6199951171875,409.5199890136719,409.6099853515625,71044,0.0,0.0,0.0,0.012133789062488631,59.96158746821701
2023-04-27 12:36:00-04:00,409.60009765625,409.6600036621094,409.5899963378906,409.6400146484375,82309,0.0,0.0,0.0,0.04014282226563637,65.62349875386802
2023-04-27 12:37:00-04:00,409.6400146484375,409.6400146484375,409.5,409.55499267578125,84424,0.0,0.0,0.0,-0.016851806640602263,43.735154785838866
2023-04-27 12:38:00-04:00,409.5400085449219,409.55999755859375,409.4700012207031,409.4800109863281,91304,0.0,0.0,0.0,-0.05499877929685226,31.977274659734178
2023-04-27 12:39:00-04:00,409.4700012207031,409.5,409.42999267578125,409.43499755859375,89947,0.0,0.0,0.0,-0.08400268554686363,26.60911249613848
2023-04-27 12:40:00-04:00,409.44000244140625,409.489990234375,409.41009521484375,409.4692077636719,136441,0.0,0.0,0.0,-0.0749664306640625,36.703650520040526
2023-04-27 12:41:00-04:00,409.4599914550781,409.4700927734375,409.3999938964844,409.44000244140625,134662,0.0,0.0,0.0,-0.05197448730467613,32.00589300524496
2023-04-27 12:42:00-04:00,409.4425048828125,409.4800109863281,409.42999267578125,409.4750061035156,100279,0.0,0.0,0.0,-0.009014892578136369,42.94615549597602
2023-04-27 12:43:00-04:00,409.4750061035156,409.5799865722656,409.4630126953125,409.5799865722656,144636,0.0,0.0,0.0,0.056182861328125,64.41252746493103
2023-04-27 12:44:00-04:00,409.5700988769531,409.6400146484375,409.55999755859375,409.60321044921875,78994,0.0,0.0,0.0,0.10768737792966476,67.76620570954722
2023-04-27 12:45:00-04:00,409.6099853515625,409.69000244140625,409.5830078125,409.625,124911,0.0,0.0,0.0,0.10689392089841476,70.97418954669554
2023-04-27 12:46:00-04:00,409.625,409.6499938964844,409.6000061035156,409.6099853515625,67509,0.0,0.0,0.0,0.05739746093752274,65.37043599604496
2023-04-27 12:47:00-04:00,409.6099853515625,409.6299133300781,409.54998779296875,409.55499267578125,48576,0.0,0.0,0.0,-0.004641723632801131,48.01442213477913
2023-04-27 12:48:00-04:00,409.54998779296875,409.625,409.5400085449219,409.56500244140625,40264,0.0,0.0,0.0,-0.02428894042969887,50.97589238201971
2023-04-27 12:49:00-04:00,409.54998779296875,409.6700134277344,409.54998779296875,409.6700134277344,99550,0.0,0.0,0.0,0.0012084960937386313,71.93880161659445
2023-04-27 12:50:00-04:00,409.6700134277344,409.75,409.6600036621094,409.739990234375,125456,0.0,0.0,0.0,0.08251037597653976,79.30866909011866
2023-04-27 12:51:00-04:00,409.7401123046875,409.75,409.6700134277344,409.7149963378906,61233,0.0,0.0,0.0,0.07051391601561363,70.98508397765045
2023-04-27 12:52:00-04:00,409.7149963378906,409.79998779296875,409.7149963378906,409.7900085449219,67479,0.0,0.0,0.0,0.08449096679686363,79.1818140844506
2023-04-27 12:53:00-04:00,409.7850036621094,409.8500061035156,409.739990234375,409.7699890136719,130647,0.0,0.0,0.0,0.079498291015625,72.36215329983892
2023-04-27 12:54:00-04:00,409.7699890136719,409.7986145019531,409.6300048828125,409.6499938964844,123798,0.0,0.0,0.0,-0.02205200195311363,43.981315024876615
2023-04-27 12:55:00-04:00,409.6400146484375,409.70001220703125,409.57000732421875,409.6400146484375,161434,0.0,0.0,0.0,-0.08735351562501137,42.25837261260521
2023-04-27 12:56:00-04:00,409.6400146484375,409.70001220703125,409.6300048828125,409.70001220703125,60798,0.0,0.0,0.0,-0.0483551025390625,55.39144833080161
2023-04-27 12:57:00-04:00,409.70001220703125,409.7699890136719,409.70001220703125,409.760009765625,102823,0.0,0.0,0.0,0.02613525390626137,65.26644003218354
2023-04-27 12:58:00-04:00,409.7699890136719,409.7799987792969,409.7099914550781,409.7699890136719,105343,0.0,0.0,0.0,0.04613037109373863,66.79471022609334
2023-04-27 12:59:00-04:00,409.7699890136719,409.79998779296875,409.7300109863281,409.7550048828125,82785,0.0,0.0,0.0,0.05599670410157387,61.699346817657236
2023-04-27 13:00:00-04:00,409.760009765625,409.91900634765625,409.7550048828125,409.83990478515625,217150,0.0,0.0,0.0,0.08760375976561363,75.1339640534546
2023-04-27 13:01:00-04:00,409.8399963378906,409.9049987792969,409.57000732421875,409.760009765625,172487,0.0,0.0,0.0,-0.026397705078125,53.18797699381075
2023-04-27 13:02:00-04:00,409.760009765625,409.79998779296875,409.7300109863281,409.78009033203125,117851,0.0,0.0,0.0,-0.004901123046863631,57.122686271724184
2023-04-27 13:03:00-04:00,409.7850036621094,409.82000732421875,409.7300109863281,409.7699890136719,78689,0.0,0.0,0.0,-0.0008941650390852374,54.2551537551592
2023-04-27 13:04:00-04:00,409.7699890136719,409.8699951171875,409.7699890136719,409.8599853515625,70066,0.0,0.0,0.0,0.03309020996096024,70.65865457749817
2023-04-27 13:05:00-04:00,409.8500061035156,409.8699951171875,409.7300109863281,409.7300109863281,84195,0.0,0.0,0.0,0.020501708984397737,42.89238838557144
2023-04-27 13:06:00-04:00,409.739990234375,409.75750732421875,409.6700134277344,409.697998046875,89230,0.0,0.0,0.0,-0.06099243164061363,38.263139017671136
2023-04-27 13:07:00-04:00,409.70001220703125,409.7300109863281,409.6499938964844,409.6600036621094,94312,0.0,0.0,0.0,-0.06975097656248863,32.9821717962964
2023-04-27 13:08:00-04:00,409.6499938964844,409.7799987792969,409.6488952636719,409.739990234375,77380,0.0,0.0,0.0,-0.03319396972653976,50.83770148757784
2023-04-27 13:09:00-04:00,409.7449951171875,409.7799987792969,409.7250061035156,409.7550048828125,49315,0.0,0.0,0.0,0.01835937499998863,53.730293783673
2023-04-27 13:10:00-04:00,409.75,409.8999938964844,409.7300109863281,409.8999938964844,94543,0.0,0.0,0.0,0.07785949707033524,72.94496833311067
2023-04-27 13:11:00-04:00,409.9079895019531,409.95001220703125,409.80999755859375,409.81500244140625,108698,0.0,0.0,0.0,0.10961303710939774,55.92699141774784
2023-04-27 13:12:00-04:00,409.82000732421875,409.8699951171875,409.7900085449219,409.85400390625,75383,0.0,0.0,0.0,0.03161010742189774,61.12881942297981
2023-04-27 13:13:00-04:00,409.8599853515625,409.8699951171875,409.80999755859375,409.8349914550781,34200,0.0,0.0,0.0,0.0164947509765625,57.027401020745145
2023-04-27 13:14:00-04:00,409.8301086425781,409.8999938964844,409.8301086425781,409.8699951171875,70422,0.0,0.0,0.0,0.01903991699219887,62.77524876713156
2023-04-27 13:15:00-04:00,409.8699951171875,409.92498779296875,409.8599853515625,409.9100036621094,64650,0.0,0.0,0.0,0.03097839355467613,68.74761103208449
2023-04-27 13:16:00-04:00,409.9150085449219,410.0150146484375,409.9100036621094,409.9700012207031,134945,0.0,0.0,0.0,0.08450012207032387,75.97355628428626
2023-04-27 13:17:00-04:00,409.9700012207031,410.010009765625,409.9599914550781,410.010009765625,51864,0.0,0.0,0.0,0.07599182128905113,79.85585895504191
2023-04-27 13:18:00-04:00,410.010009765625,410.0101013183594,409.8949890136719,409.9100036621094,75053,0.0,0.0,0.0,0.021026611328125,53.064787219517584
2023-04-27 13:19:00-04:00,409.9150085449219,409.9283142089844,409.80999755859375,409.8399963378906,83520,0.0,0.0,0.0,-0.06318359375001137,41.02199776503078
2023-04-27 13:20:00-04:00,409.9327087402344,409.94000244140625,409.8399963378906,409.9327087402344,41902,0.0,0.0,0.0,-0.04184265136717613,57.12829719863975
2023-04-27 13:21:00-04:00,409.94000244140625,409.9800109863281,409.92999267578125,409.9599914550781,38498,0.0,0.0,0.0,0.02466125488280113,61.041789414621725
2023-04-27 13:22:00-04:00,409.9549865722656,409.9949951171875,409.95001220703125,409.9549865722656,65409,0.0,0.0,0.0,0.0446624755859375,59.79026151321017
2023-04-27 13:23:00-04:00,409.9599914550781,409.98040771484375,409.92999267578125,409.95550537109375,29841,0.0,0.0,0.0,0.02682800292967613,59.89680021293844
2023-04-27 13:24:00-04:00,409.9549865722656,410.0199890136719,409.94000244140625,409.9949951171875,56589,0.0,0.0,0.0,0.029455566406227263,67.9712286611416
2023-04-27 13:25:00-04:00,410.0,410.1099853515625,409.94000244140625,410.07000732421875,122331,0.0,0.0,0.0,0.047454833984375,78.33066237762125
2023-04-27 13:26:00-04:00,409.9949951171875,410.1048889160156,409.989990234375,409.9949951171875,53704,0.0,0.0,0.0,0.05141296386716476,55.77907717127637
2023-04-27 13:27:00-04:00,409.989990234375,410.03790283203125,409.9649963378906,410.03790283203125,50916,0.0,0.0,0.0,-0.0003662109375,63.32812023859403
2023-04-27 13:28:00-04:00,410.0350036621094,410.1099853515625,410.0299987792969,410.0600891113281,59496,0.0,0.0,0.0,0.04521789550778976,66.97231317989575
2023-04-27 13:29:00-04:00,410.07000732421875,410.1199951171875,410.0527038574219,410.0799865722656,71830,0.0,0.0,0.0,0.04030456542966476,70.28285083920119
2023-04-27 13:30:00-04:00,410.0799865722656,410.20001220703125,410.07000732421875,410.20001220703125,118289,0.0,0.0,0.0,0.06696166992185226,83.07486413443219
2023-04-27 13:31:00-04:00,410.20001220703125,410.2200012207031,410.1549987792969,410.1805114746094,121114,0.0,0.0,0.0,0.09143981933596024,76.39618817602661
2023-04-27 13:32:00-04:00,410.17999267578125,410.25,410.1700134277344,410.2355041503906,111277,0.0,0.0,0.0,0.072235107421875,81.60823289384274
2023-04-27 13:33:00-04:00,410.2349853515625,410.3100891113281,410.2300109863281,410.29998779296875,144062,0.0,0.0,0.0,0.09226684570313637,86.1053040605527
2023-04-27 13:34:00-04:00,410.30499267578125,410.43499755859375,410.30499267578125,410.3599853515625,280828,0.0,0.0,0.0,0.1354827880859375,89.18179443446898
2023-04-27 13:35:00-04:00,410.3599853515625,410.3900146484375,410.3299865722656,410.3399963378906,99865,0.0,0.0,0.0,0.0804901123046875,81.65266637644318
2023-04-27 13:36:00-04:00,410.3500061035156,410.44989013671875,410.3450012207031,410.44989013671875,79788,0.0,0.0,0.0,0.07594604492186363,88.38906232032267
2023-04-27 13:37:00-04:00,410.44500732421875,410.6300048828125,410.44000244140625,410.55999755859375,443001,0.0,0.0,0.0,0.14850463867185226,92.04643895909749
2023-04-27 13:38:00-04:00,410.57000732421875,410.589111328125,410.44000244140625,410.489990234375,0,0.0,0.0,0.0,0.07915649414064774,73.61682042161434
2023-04-27 13:39:00-04:00,410.5,410.55999755859375,410.5,410.5299987792969,102809,0.0,0.0,0.0,0.06259765624997726,76.91821901349887
2023-04-27 13:40:00-04:00,410.5350036621094,410.6499938964844,410.5350036621094,410.6099853515625,146388,0.0,0.0,0.0,0.0785980224609375,82.41672728281915
2023-04-27 13:41:00-04:00,410.6050109863281,410.6400146484375,410.5199890136719,410.5299987792969,92137,0.0,0.0,0.0,0.02958984374998863,63.506264822911874
2023-04-27 13:42:00-04:00,410.5379943847656,410.635009765625,410.5199890136719,410.60009765625,89349,0.0,0.0,0.0,0.01858825683592613,70.83666870424632
2023-04-27 13:43:00-04:00,410.61041259765625,410.69000244140625,410.6000061035156,410.67498779296875,127267,0.0,0.0,0.0,0.06000366210935226,77.00498752629188
2023-04-27 13:44:00-04:00,410.67498779296875,410.68719482421875,410.6199951171875,410.6650085449219,83720,0.0,0.0,0.0,0.04387512207028976,74.38442282785296
2023-04-27 13:45:00-04:00,410.6650085449219,410.7699890136719,410.6650085449219,410.739990234375,144255,0.0,0.0,0.0,0.0827789306640625,80.58877446573688
2023-04-27 13:46:00-04:00,410.739990234375,410.80999755859375,410.69000244140625,410.79998779296875,220212,0.0,0.0,0.0,0.08128051757813637,84.37425740985736
2023-04-27 13:47:00-04:00,410.80499267578125,410.8399963378906,410.75250244140625,410.7799987792969,123791,0.0,0.0,0.0,0.08377990722658524,78.03652282762933
2023-04-27 13:48:00-04:00,410.7900085449219,411.14898681640625,410.7900085449219,411.1000061035156,451330,0.0,0.0,0.0,0.19212951660153976,91.22566878582562
2023-04-27 13:49:00-04:00,411.1099853515625,411.1099853515625,410.82000732421875,410.8550109863281,565427,0.0,0.0,0.0,0.12534790039063637,57.93297521050063
2023-04-27 13:50:00-04:00,410.8550109863281,410.92059326171875,410.8550109863281,410.8800048828125,165723,0.0,0.0,0.0,0.014093017578147737,59.80367779966338
2023-04-27 13:51:00-04:00,410.885009765625,411.0509948730469,410.885009765625,410.9800109863281,111269,0.0,0.0,0.0,0.05069274902342613,67.11730620726522
2023-04-27 13:52:00-04:00,410.9800109863281,411.0299987792969,410.9700012207031,411.0199890136719,139291,0.0,0.0,0.0,0.04194030761721024,69.85778590836063
2023-04-27 13:53:00-04:00,411.0,411.0,411.0,411.0,0,0.0,0.0,0.0,0.03583984375001137,66.39917352328229
