,ExpDate,Strike,c_contractSymbol,c_lastTrade,c_lastTrade,Call_LastPrice,c_bid,c_ask,c_change,Call_PercentChange,Call_Volume,Call_OI,Call_IV,c_inTheMoney,c_lastTrade,c_lastTrade,Calls_dollarsFromStrike,Calls_dollarsFromStrikeXoi,Calls_lastPriceXoi,p_contractSymbol,p_lastTrade,p_lastTrade,Put_LastPrice,p_bid,p_ask,p_change,p_percentChange,Put_Volume,Put_OI,Put_IV,p_inTheMoney,p_lastTrade,p_lastTrade,Puts_dollarsFromStrike,Puts_dollarsFromStrikeXoi,Puts_lastPriceXoi
0,230421,110.0,MSFT230421C00110000,2023-04-20 13:36:45+00:00,230420_1336,176.15,175.35,175.5,-2.100006,-1.1781241,1,465,4.062504921875,True,2023-04-20 13:36:45+00:00,230420_1336,-175.49,-81602.85,81909.75,MSFT230421P00110000,2023-04-13 19:13:00+00:00,230413_1913,0.01,0.0,0.01,0.0,0.0,7.0,964,3.8750003125,False,2023-04-13 19:13:00+00:00,230413_1913,175.49,169172.36000000002,9.64
1,230421,115.0,MSFT230421C00115000,2023-04-18 19:25:08+00:00,230418_1925,173.25,170.5,170.7,0.0,0.0,4,6,4.820316474609374,True,2023-04-18 19:25:08+00:00,230418_1925,-170.49,-1022.94,1039.5,MSFT230421P00115000,2023-03-20 14:11:18+00:00,230320_1411,0.07,0.0,0.01,0.0,0.0,1.0,241,3.6250009375000003,False,2023-03-20 14:11:18+00:00,230320_1411,170.49,41088.090000000004,16.87
2,230421,120.0,MSFT230421C00120000,2023-04-20 18:18:52+00:00,230420_1818,167.4,165.45,165.65,-0.65000916,-0.38679507,1,29,4.312504609374999,True,2023-04-20 18:18:52+00:00,230420_1818,-165.49,-4799.21,4854.6,MSFT230421P00120000,2023-03-13 13:31:30+00:00,230313_1331,0.04,0.0,0.0,0.0,0.0,1.0,412,0.500005,False,2023-03-13 13:31:30+00:00,230313_1331,165.49,68181.88,16.48
3,230421,125.0,MSFT230421C00125000,2023-03-23 17:57:34+00:00,230323_1757,154.5,160.1,161.25,0.0,0.0,20,93,4.679691650390625,True,2023-03-23 17:57:34+00:00,230323_1757,-160.49,-14925.570000000002,14368.5,MSFT230421P00125000,2023-03-24 15:45:14+00:00,230324_1545,0.01,0.0,0.01,0.0,0.0,2.0,335,3.3750015624999996,False,2023-03-24 15:45:14+00:00,230324_1545,160.49,53764.15,3.35
4,230421,130.0,MSFT230421C00130000,2023-04-10 14:54:52+00:00,230410_1454,156.85,154.75,155.75,0.0,0.0,1,3,4.67187916015625,True,2023-04-10 14:54:52+00:00,230410_1454,-155.49,-466.47,470.54999999999995,MSFT230421P00130000,2023-04-06 13:38:45+00:00,230406_1338,0.01,0.0,0.01,0.0,0.0,1.0,719,3.1875020312499998,False,2023-04-06 13:38:45+00:00,230406_1338,155.49,111797.31000000001,7.19
5,230421,135.0,MSFT230421C00135000,2022-12-12 14:35:08+00:00,221212_1435,116.35,95.7,98.7,0.0,0.0,1,512,1.0000000000000003e-05,True,2022-12-12 14:35:08+00:00,221212_1435,-150.49,-77050.88,59571.2,MSFT230421P00135000,2023-03-31 13:30:15+00:00,230331_1330,0.09,0.0,0.01,0.0,0.0,1.0,558,3.0000025,False,2023-03-31 13:30:15+00:00,230331_1330,150.49,83973.42,50.22
6,230421,140.0,MSFT230421C00140000,2023-03-17 13:50:03+00:00,230317_1350,139.3,145.25,147.15,0.0,0.0,4,168,4.949222563476562,True,2023-03-17 13:50:03+00:00,230317_1350,-145.49,-24442.32,23402.4,MSFT230421P00140000,2023-04-17 13:36:42+00:00,230417_1336,0.01,0.0,0.01,0.0,0.0,9.0,665,2.8750028125,False,2023-04-17 13:36:42+00:00,230417_1336,145.49,96750.85,6.65
7,230421,145.0,MSFT230421C00145000,2023-03-30 16:59:27+00:00,230330_1659,137.5,139.75,141.0,0.0,0.0,1,363,4.488285639648437,True,2023-03-30 16:59:27+00:00,230330_1659,-140.49,-50997.87,49912.5,MSFT230421P00145000,2023-03-31 13:30:15+00:00,230331_1330,0.1,0.0,0.01,0.0,0.0,1.0,1374,2.750003125,False,2023-03-31 13:30:15+00:00,230331_1330,140.49,193033.26,137.4
8,230421,150.0,MSFT230421C00150000,2023-04-18 16:48:26+00:00,230418_1648,137.36,135.4,136.45,0.0,0.0,1,38,4.181645397949219,True,2023-04-18 16:48:26+00:00,230418_1648,-135.49,-5148.620000000001,5219.68,MSFT230421P00150000,2023-04-14 13:30:08+00:00,230414_1330,0.01,0.0,0.01,0.0,0.0,2.0,1544,2.6250034375,False,2023-04-14 13:30:08+00:00,230414_1330,135.49,209196.56000000003,15.44
9,230421,155.0,MSFT230421C00155000,2023-04-20 18:13:52+00:00,230420_1813,132.75,130.35,131.05,13.550003,11.367452,2,5,3.60156349609375,True,2023-04-20 18:13:52+00:00,230420_1813,-130.49,-652.45,663.75,MSFT230421P00155000,2023-03-30 16:06:00+00:00,230330_1606,0.02,0.0,0.01,0.0,0.0,1.0,649,2.50000375,False,2023-03-30 16:06:00+00:00,230330_1606,130.49,84688.01000000001,12.98
10,230421,160.0,MSFT230421C00160000,2023-04-18 13:57:21+00:00,230418_1357,130.5,125.35,126.45,0.0,0.0,1,35,3.7695318261718755,True,2023-04-18 13:57:21+00:00,230418_1357,-125.49000000000001,-4392.150000000001,4567.5,MSFT230421P00160000,2023-04-18 19:36:33+00:00,230418_1936,0.01,0.0,0.01,0.0,0.0,1.0,1054,2.3750040624999995,False,2023-04-18 19:36:33+00:00,230418_1936,125.49000000000001,132266.46000000002,10.540000000000001
11,230421,165.0,MSFT230421C00165000,2023-02-16 15:56:49+00:00,230216_1556,102.0,113.0,115.95,0.0,0.0,2,47,1.0000000000000003e-05,True,2023-02-16 15:56:49+00:00,230216_1556,-120.49000000000001,-5663.030000000001,4794.0,MSFT230421P00165000,2023-04-17 17:52:24+00:00,230417_1752,0.01,0.0,0.01,0.0,0.0,1.0,2517,2.2500043749999996,False,2023-04-17 17:52:24+00:00,230417_1752,120.49000000000001,303273.33,25.17
12,230421,170.0,MSFT230421C00170000,2023-04-19 19:39:28+00:00,230419_1939,118.6,115.35,116.15,0.0,0.0,11,65,3.19531451171875,True,2023-04-19 19:39:28+00:00,230419_1939,-115.49000000000001,-7506.85,7709.0,MSFT230421P00170000,2023-04-14 14:08:56+00:00,230414_1408,0.01,0.0,0.01,0.0,0.0,1.0,866,2.1250046874999997,False,2023-04-14 14:08:56+00:00,230414_1408,115.49000000000001,100014.34000000001,8.66
13,230421,175.0,MSFT230421C00175000,2023-02-24 18:49:06+00:00,230224_1849,75.3,103.95,107.3,0.0,0.0,7,65,1.0000000000000003e-05,True,2023-02-24 18:49:06+00:00,230224_1849,-110.49000000000001,-7181.85,4894.5,MSFT230421P00175000,2023-04-10 14:44:35+00:00,230410_1444,0.01,0.0,0.01,0.0,0.0,1.0,1401,2.000005,False,2023-04-10 14:44:35+00:00,230410_1444,110.49000000000001,154796.49000000002,14.01
14,230421,180.0,MSFT230421C00180000,2023-03-31 16:39:38+00:00,230331_1639,106.5,104.8,106.6,0.0,0.0,2,112,2.7968780078125004,True,2023-03-31 16:39:38+00:00,230331_1639,-105.49000000000001,-11814.880000000001,11928.0,MSFT230421P00180000,2023-04-19 13:56:02+00:00,230419_1356,0.01,0.0,0.0,0.0,0.0,1.0,1597,0.500005,False,2023-04-19 13:56:02+00:00,230419_1356,105.49000000000001,168467.53000000003,15.97
15,230421,185.0,MSFT230421C00185000,2023-04-17 19:53:05+00:00,230417_1953,103.23,100.3,101.4,0.0,0.0,5,129,2.8593778515625,True,2023-04-17 19:53:05+00:00,230417_1953,-100.49000000000001,-12963.210000000001,13316.67,MSFT230421P00185000,2023-04-13 18:28:05+00:00,230413_1828,0.01,0.0,0.01,0.0,0.0,30.0,1459,1.8125009374999999,False,2023-04-13 18:28:05+00:00,230413_1828,100.49000000000001,146614.91,14.59
16,230421,190.0,MSFT230421C00190000,2023-04-06 14:53:00+00:00,230406_1453,93.5,94.8,96.4,0.0,0.0,5,90,2.2968792578125,True,2023-04-06 14:53:00+00:00,230406_1453,-95.49000000000001,-8594.1,8415.0,MSFT230421P00190000,2023-04-19 13:30:01+00:00,230419_1330,0.01,0.0,0.01,0.0,0.0,1.0,2475,1.6875015625,False,2023-04-19 13:30:01+00:00,230419_1330,95.49000000000001,236337.75000000003,24.75
17,230421,195.0,MSFT230421C00195000,2023-04-18 17:16:24+00:00,230418_1716,93.3,90.25,91.35,0.0,0.0,35,215,2.4941443896484374,True,2023-04-18 17:16:24+00:00,230418_1716,-90.49000000000001,-19455.350000000002,20059.5,MSFT230421P00195000,2023-04-12 19:03:26+00:00,230412_1903,0.01,0.0,0.01,0.0,0.0,2.0,6368,1.625001875,False,2023-04-12 19:03:26+00:00,230412_1903,90.49000000000001,576240.3200000001,63.68
18,230421,200.0,MSFT230421C00200000,2023-04-20 18:56:20+00:00,230420_1856,86.32,85.2,86.55,-1.7600021,-1.9981859,18,823,2.42969142578125,True,2023-04-20 18:56:20+00:00,230420_1856,-85.49000000000001,-70358.27,71041.36,MSFT230421P00200000,2023-04-20 15:16:15+00:00,230420_1516,0.01,0.0,0.01,0.0,0.0,1.0,10253,1.5000025,False,2023-04-20 15:16:15+00:00,230420_1516,85.49000000000001,876528.9700000001,102.53
19,230421,205.0,MSFT230421C00205000,2023-04-10 13:53:23+00:00,230410_1353,81.19,80.3,81.2,0.0,0.0,1,243,2.14844212890625,True,2023-04-10 13:53:23+00:00,230410_1353,-80.49000000000001,-19559.070000000003,19729.17,MSFT230421P00205000,2023-04-19 13:56:02+00:00,230419_1356,0.01,0.0,0.01,0.0,0.0,1.0,6503,1.40625296875,False,2023-04-19 13:56:02+00:00,230419_1356,80.49000000000001,523426.47000000003,65.03
20,230421,210.0,MSFT230421C00210000,2023-04-06 19:37:59+00:00,230406_1937,82.5,75.2,76.45,0.0,0.0,4,137,2.091801645507812,True,2023-04-06 19:37:59+00:00,230406_1937,-75.49000000000001,-10342.130000000001,11302.5,MSFT230421P00210000,2023-04-19 14:57:35+00:00,230419_1457,0.01,0.0,0.01,0.0,0.0,10.0,5594,1.3125034374999998,False,2023-04-19 14:57:35+00:00,230419_1457,75.49000000000001,422291.06000000006,55.94
21,230421,215.0,MSFT230421C00215000,2023-04-20 14:57:36+00:00,230420_1457,71.55,70.0,70.9,-1.9300003,-2.6265655,3,114,2.0175830810546875,True,2023-04-20 14:57:36+00:00,230420_1457,-70.49000000000001,-8035.860000000001,8156.7,MSFT230421P00215000,2023-04-20 15:35:00+00:00,230420_1535,0.01,0.0,0.01,0.0,0.0,354.0,4439,1.21875390625,False,2023-04-20 15:35:00+00:00,230420_1535,70.49000000000001,312905.11000000004,44.39
22,230421,220.0,MSFT230421C00220000,2023-04-20 19:21:18+00:00,230420_1921,65.17,65.1,65.8,-3.2799988,-4.791817,11,394,1.79296978515625,True,2023-04-20 19:21:18+00:00,230420_1921,-65.49000000000001,-25803.060000000005,25676.98,MSFT230421P00220000,2023-04-20 19:18:48+00:00,230420_1918,0.01,0.0,0.01,0.0,0.0,12.0,10074,1.125004375,False,2023-04-20 19:18:48+00:00,230420_1918,65.49000000000001,659746.2600000001,100.74000000000001
23,230421,225.0,MSFT230421C00225000,2023-04-20 15:58:06+00:00,230420_1558,62.35,60.2,61.6,-0.15000153,-0.24000244,4,7771,1.7382825585937498,True,2023-04-20 15:58:06+00:00,230420_1558,-60.49000000000001,-470067.7900000001,484521.85000000003,MSFT230421P00225000,2023-04-20 18:37:24+00:00,230420_1837,0.01,0.0,0.01,0.0,0.0,19.0,20988,1.0312548437500002,False,2023-04-20 18:37:24+00:00,230420_1837,60.49000000000001,1269564.12,209.88
24,230421,230.0,MSFT230421C00230000,2023-04-20 18:22:58+00:00,230420_1822,56.95,55.35,56.3,-1.5400009,-2.6329303,35,3219,1.5468772656249998,True,2023-04-20 18:22:58+00:00,230420_1822,-55.49000000000001,-178622.31000000003,183322.05000000002,MSFT230421P00230000,2023-04-20 18:37:24+00:00,230420_1837,0.01,0.0,0.01,0.0,0.0,9.0,8810,0.937500625,False,2023-04-20 18:37:24+00:00,230420_1837,55.49000000000001,488866.9000000001,88.10000000000001
25,230421,235.0,MSFT230421C00235000,2023-04-20 15:08:12+00:00,230420_1508,51.5,50.25,51.2,-2.0800018,-3.8820488,83,2406,1.3339877050781246,True,2023-04-20 15:08:12+00:00,230420_1508,-50.49000000000001,-121478.94000000002,123909.0,MSFT230421P00235000,2023-04-20 18:44:44+00:00,230420_1844,0.01,0.0,0.01,0.0,0.0,20.0,6398,0.8437515624999999,False,2023-04-20 18:44:44+00:00,230420_1844,50.49000000000001,323035.0200000001,63.980000000000004
26,230421,240.0,MSFT230421C00240000,2023-04-20 18:50:59+00:00,230420_1850,46.4,45.4,45.8,-2.2599983,-4.6444683,1250,3386,1.0781296093750001,True,2023-04-20 18:50:59+00:00,230420_1850,-45.49000000000001,-154029.14000000004,157110.4,MSFT230421P00240000,2023-04-20 18:53:22+00:00,230420_1853,0.01,0.0,0.01,0.0,0.0,17.0,8383,0.7812521875,False,2023-04-20 18:53:22+00:00,230420_1853,45.49000000000001,381342.6700000001,83.83
27,230421,242.5,MSFT230421C00242500,2023-04-18 16:48:26+00:00,230418_1648,44.56,42.85,43.6,-0.3899994,-0.86762935,1,1,1.1484417578125,True,2023-04-18 16:48:26+00:00,230418_1648,-42.99000000000001,-42.99000000000001,44.56,MSFT230421P00242500,2023-04-17 15:39:23+00:00,230417_1539,0.01,0.0,0.01,0.0,0.0,100.0,104,0.7187528125,False,2023-04-17 15:39:23+00:00,230417_1539,42.99000000000001,4470.960000000001,1.04
28,230421,245.0,MSFT230421C00245000,2023-04-20 18:55:13+00:00,230420_1855,41.35,40.4,41.1,-2.5300026,-5.7657304,72,4187,1.1054732226562503,True,2023-04-20 18:55:13+00:00,230420_1855,-40.49000000000001,-169531.63000000003,173132.45,MSFT230421P00245000,2023-04-20 19:20:03+00:00,230420_1920,0.01,0.0,0.01,0.0,0.0,5.0,8821,0.6875031250000001,False,2023-04-20 19:20:03+00:00,230420_1920,40.49000000000001,357162.2900000001,88.21000000000001
29,230421,247.5,MSFT230421C00247500,2023-04-18 18:08:23+00:00,230418_1808,40.35,37.7,38.2,0.0,0.0,1,2,1.0068409033203123,True,2023-04-18 18:08:23+00:00,230418_1808,-37.99000000000001,-75.98000000000002,80.7,MSFT230421P00247500,2023-04-17 18:48:40+00:00,230417_1848,0.01,0.0,0.01,0.0,0.0,455.0,482,0.64062859375,False,2023-04-17 18:48:40+00:00,230417_1848,37.99000000000001,18311.180000000004,4.82
30,230421,250.0,MSFT230421C00250000,2023-04-20 19:33:33+00:00,230420_1933,35.58,35.35,35.7,-2.8199997,-7.343749,74,14789,0.73437765625,True,2023-04-20 19:33:33+00:00,230420_1933,-35.49000000000001,-524861.6100000001,526192.62,MSFT230421P00250000,2023-04-20 19:05:20+00:00,230420_1905,0.01,0.0,0.01,0.0,0.0,150.0,23650,0.5937540625000001,False,2023-04-20 19:05:20+00:00,230420_1905,35.49000000000001,839338.5000000002,236.5
31,230421,252.5,MSFT230421C00252500,2023-04-19 19:17:33+00:00,230419_1917,36.23,32.45,34.25,0.0,0.0,2,58,0.9785158398437501,True,2023-04-19 19:17:33+00:00,230419_1917,-32.99000000000001,-1913.4200000000005,2101.3399999999997,MSFT230421P00252500,2023-04-20 13:50:55+00:00,230420_1350,0.01,0.0,0.01,0.0,0.0,100.0,2085,0.5625043750000001,False,2023-04-20 13:50:55+00:00,230420_1350,32.99000000000001,68784.15000000002,20.85
32,230421,255.0,MSFT230421C00255000,2023-04-20 19:07:59+00:00,230420_1907,31.31,30.45,31.4,-3.4899998,-10.028735,89,4793,0.9501958105468749,True,2023-04-20 19:07:59+00:00,230420_1907,-30.49000000000001,-146138.57000000004,150068.83,MSFT230421P00255000,2023-04-20 19:21:55+00:00,230420_1921,0.01,0.0,0.01,0.0,0.0,22.0,10581,0.51562984375,False,2023-04-20 19:21:55+00:00,230420_1921,30.49000000000001,322614.6900000001,105.81
33,230421,257.5,MSFT230421C00257500,2023-04-20 13:36:39+00:00,230420_1336,28.68,27.6,28.5,-2.539999,-8.135808,13,107,0.63086306640625,True,2023-04-20 13:36:39+00:00,230420_1336,-27.99000000000001,-2994.930000000001,3068.7599999999998,MSFT230421P00257500,2023-04-20 17:21:23+00:00,230420_1721,0.01,0.0,0.01,0.0,0.0,22.0,3145,0.51562984375,False,2023-04-20 17:21:23+00:00,230420_1721,27.99000000000001,88028.55000000003,31.45
34,230421,260.0,MSFT230421C00260000,2023-04-20 19:15:19+00:00,230420_1915,25.65,25.45,25.7,-2.9099998,-10.189075,207,18498,0.6093789062500001,True,2023-04-20 19:15:19+00:00,230420_1915,-25.49000000000001,-471514.0200000002,474473.69999999995,MSFT230421P00260000,2023-04-20 18:40:21+00:00,230420_1840,0.01,0.0,0.01,0.0,0.0,160.0,18793,0.4687553125,False,2023-04-20 18:40:21+00:00,230420_1840,25.49000000000001,479033.5700000002,187.93
35,230421,262.5,MSFT230421C00262500,2023-04-20 19:24:37+00:00,230420_1924,22.93,22.85,23.3,-3.1900005,-12.212866,5,538,0.5546919531250001,True,2023-04-20 19:24:37+00:00,230420_1924,-22.99000000000001,-12368.620000000004,12336.34,MSFT230421P00262500,2023-04-20 19:28:35+00:00,230420_1928,0.01,0.0,0.01,0.0,0.0,299.0,1422,0.42188078125,False,2023-04-20 19:28:35+00:00,230420_1928,22.99000000000001,32691.780000000013,14.22
36,230421,265.0,MSFT230421C00265000,2023-04-20 19:30:48+00:00,230420_1930,20.44,20.35,20.7,-2.7600002,-11.896553,333,5260,0.585941640625,True,2023-04-20 19:30:48+00:00,230420_1930,-20.49000000000001,-107777.40000000005,107514.40000000001,MSFT230421P00265000,2023-04-20 19:32:20+00:00,230420_1932,0.01,0.0,0.02,-0.01,-50.0,754.0,8659,0.414068359375,False,2023-04-20 19:32:20+00:00,230420_1932,20.49000000000001,177422.9100000001,86.59
37,230421,267.5,MSFT230421C00267500,2023-04-20 19:20:31+00:00,230420_1920,18.0,17.8,18.3,-3.1000004,-14.691944,14,719,0.570316796875,True,2023-04-20 19:20:31+00:00,230420_1920,-17.99000000000001,-12934.810000000007,12942.0,MSFT230421P00267500,2023-04-20 19:20:34+00:00,230420_1920,0.02,0.01,0.02,0.0,0.0,294.0,2637,0.367193828125,False,2023-04-20 19:20:34+00:00,230420_1920,17.99000000000001,47439.63000000003,52.74
38,230421,270.0,MSFT230421C00270000,2023-04-20 19:33:12+00:00,230420_1933,16.08,15.5,15.8,-2.5499992,-13.687597,596,12970,0.5048877636718749,True,2023-04-20 19:33:12+00:00,230420_1933,-15.490000000000009,-200905.3000000001,208557.59999999998,MSFT230421P00270000,2023-04-20 19:34:02+00:00,230420_1934,0.02,0.01,0.02,0.0,0.0,2742.0,10391,0.32031929687499994,False,2023-04-20 19:34:02+00:00,230420_1934,15.490000000000009,160956.59000000008,207.82
39,230421,272.5,MSFT230421C00272500,2023-04-20 19:21:41+00:00,230420_1921,13.0,12.9,13.35,-3.1000004,-19.25466,43,6738,0.4555718505859375,True,2023-04-20 19:21:41+00:00,230420_1921,-12.990000000000009,-87526.62000000007,87594.0,MSFT230421P00272500,2023-04-20 19:29:43+00:00,230420_1929,0.04,0.03,0.04,0.01,33.333336,1290.0,14006,0.29883513671874995,False,2023-04-20 19:29:43+00:00,230420_1929,12.990000000000009,181937.94000000012,560.24
40,230421,275.0,MSFT230421C00275000,2023-04-20 19:29:37+00:00,230420_1929,10.3,10.5,10.75,-3.3199997,-24.375916,550,10340,0.35645174804687496,True,2023-04-20 19:29:37+00:00,230420_1929,-10.490000000000009,-108466.6000000001,106502.00000000001,MSFT230421P00275000,2023-04-20 19:32:20+00:00,230420_1932,0.05,0.05,0.07,-0.009999998,-16.666664,1152.0,7493,0.27246821289062495,False,2023-04-20 19:32:20+00:00,230420_1932,10.490000000000009,78601.57000000007,374.65000000000003
41,230421,277.5,MSFT230421C00277500,2023-04-20 19:22:42+00:00,230420_1922,8.02,8.1,8.3,-3.1699991,-28.328857,202,1845,0.30322962402343745,True,2023-04-20 19:22:42+00:00,230420_1922,-7.990000000000009,-14741.550000000017,14796.9,MSFT230421P00277500,2023-04-20 19:29:27+00:00,230420_1929,0.15,0.12,0.13,0.050000004,50.000004,1271.0,3977,0.245124736328125,False,2023-04-20 19:29:27+00:00,230420_1929,7.990000000000009,31776.230000000036,596.55
42,230421,280.0,MSFT230421C00280000,2023-04-20 19:32:54+00:00,230420_1932,5.85,5.7,5.95,-2.9299998,-33.371296,1644,13211,0.26270268554687504,True,2023-04-20 19:32:54+00:00,230420_1932,-5.490000000000009,-72528.39000000012,77284.34999999999,MSFT230421P00280000,2023-04-20 19:34:02+00:00,230420_1934,0.28,0.28,0.29,0.060000002,27.272728,6480.0,17135,0.22657023437499998,False,2023-04-20 19:34:02+00:00,230420_1934,5.490000000000009,94071.15000000015,4797.8
43,230421,282.5,MSFT230421C00282500,2023-04-20 19:27:11+00:00,230420_1927,3.53,3.7,3.75,-2.7700002,-43.968258,351,2716,0.22534954345703123,True,2023-04-20 19:27:11+00:00,230420_1927,-2.990000000000009,-8120.840000000025,9587.48,MSFT230421P00282500,2023-04-20 19:33:23+00:00,230420_1933,0.66,0.64,0.65,0.22000003,50.000008,4409.0,6190,0.2092364233398437,False,2023-04-20 19:33:23+00:00,230420_1933,2.990000000000009,18508.100000000057,4085.4
44,230421,285.0,MSFT230421C00285000,2023-04-20 19:32:07+00:00,230420_1932,2.05,1.9,2.09,-2.3500001,-53.409092,9063,13496,0.21778125976562498,True,2023-04-20 19:32:07+00:00,230420_1932,-0.4900000000000091,-6613.040000000123,27666.8,MSFT230421P00285000,2023-04-20 19:34:15+00:00,230420_1934,1.35,1.41,1.45,0.48000002,55.172413,17860.0,10539,0.19995917236328126,False,2023-04-20 19:34:15+00:00,230420_1934,0.4900000000000091,5164.110000000096,14227.650000000001
45,230421,287.5,MSFT230421C00287500,2023-04-20 19:32:50+00:00,230420_1932,0.85,0.84,0.87,-1.83,-68.28358,16289,7464,0.19947089599609374,False,2023-04-20 19:32:50+00:00,230420_1932,2.009999999999991,15002.639999999932,6344.4,MSFT230421P00287500,2023-04-20 19:33:39+00:00,230420_1933,2.74,2.8,2.85,1.13,70.18633,7422.0,5974,0.19556468505859376,True,2023-04-20 19:33:39+00:00,230420_1933,-2.009999999999991,-12007.739999999945,16368.760000000002
46,230421,290.0,MSFT230421C00290000,2023-04-20 19:34:10+00:00,230420_1934,0.31,0.31,0.32,-1.0999999,-78.014175,26589,17335,0.20069158691406247,False,2023-04-20 19:34:10+00:00,230420_1934,4.509999999999991,78180.84999999985,5373.85,MSFT230421P00290000,2023-04-20 19:31:51+00:00,230420_1931,4.67,4.5,4.8,1.8200002,63.859657,1763.0,4750,0.194343994140625,True,2023-04-20 19:31:51+00:00,230420_1931,-4.509999999999991,-21422.499999999956,22182.5
47,230421,292.5,MSFT230421C00292500,2023-04-20 19:33:20+00:00,230420_1933,0.12,0.11,0.12,-0.54,-81.818184,9360,6966,0.21192194335937498,False,2023-04-20 19:33:20+00:00,230420_1933,7.009999999999991,48831.65999999994,835.92,MSFT230421P00292500,2023-04-20 19:22:41+00:00,230420_1922,7.25,6.9,7.15,2.6,55.91398,266.0,2193,0.21973436523437498,True,2023-04-20 19:22:41+00:00,230420_1922,-7.009999999999991,-15372.92999999998,15899.25
48,230421,295.0,MSFT230421C00295000,2023-04-20 19:33:02+00:00,230420_1933,0.05,0.05,0.06,-0.21,-80.769226,19759,19600,0.23633576171874998,False,2023-04-20 19:33:02+00:00,230420_1933,9.509999999999991,186395.99999999983,980.0,MSFT230421P00295000,2023-04-20 19:16:14+00:00,230420_1916,9.5,9.35,9.55,2.75,40.74074,131.0,1300,0.22071091796874998,True,2023-04-20 19:16:14+00:00,230420_1916,-9.509999999999991,-12362.999999999989,12350.0
49,230421,297.5,MSFT230421C00297500,2023-04-20 19:33:11+00:00,230420_1933,0.02,0.02,0.03,-0.09,-81.818184,3682,4989,0.257819921875,False,2023-04-20 19:33:11+00:00,230420_1933,12.009999999999991,59917.889999999956,99.78,MSFT230421P00297500,2023-04-20 18:49:00+00:00,230420_1849,11.3,11.7,12.55,2.25,24.861877,28.0,557,0.45898978515625005,True,2023-04-20 18:49:00+00:00,230420_1849,-12.009999999999991,-6689.569999999995,6294.1
50,230421,300.0,MSFT230421C00300000,2023-04-20 19:33:20+00:00,230420_1933,0.02,0.01,0.02,-0.02,-50.0,3719,23971,0.28516339843749994,False,2023-04-20 19:33:20+00:00,230420_1933,14.509999999999991,347819.2099999998,479.42,MSFT230421P00300000,2023-04-20 18:15:38+00:00,230420_1815,12.1,14.2,15.2,0.44000053,3.7735896,48.0,365,0.5610395458984375,True,2023-04-20 18:15:38+00:00,230420_1815,-14.509999999999991,-5296.149999999997,4416.5
51,230421,302.5,MSFT230421C00302500,2023-04-20 19:31:20+00:00,230420_1931,0.01,0.0,0.01,-0.01,-50.0,711,3832,0.304694453125,False,2023-04-20 19:31:20+00:00,230420_1931,17.00999999999999,65182.31999999996,38.32,MSFT230421P00302500,2023-04-18 19:25:08+00:00,230418_1925,14.3,16.4,17.55,0.0,0.0,7.0,231,0.5864299169921875,True,2023-04-18 19:25:08+00:00,230418_1925,-17.00999999999999,-3929.3099999999977,3303.3
52,230421,305.0,MSFT230421C00305000,2023-04-20 19:32:20+00:00,230420_1932,0.01,0.0,0.01,-0.01,-50.0,393,34495,0.3398503515625,False,2023-04-20 19:32:20+00:00,230420_1932,19.50999999999999,672997.4499999997,344.95,MSFT230421P00305000,2023-04-19 19:02:43+00:00,230419_1902,16.95,19.25,19.6,0.0,0.0,37.0,186,0.45313046875,True,2023-04-19 19:02:43+00:00,230419_1902,-19.50999999999999,-3628.8599999999983,3152.7
53,230421,307.5,MSFT230421C00307500,2023-04-20 17:23:40+00:00,230420_1723,0.01,0.0,0.01,-0.01,-50.0,753,1422,0.37500625,False,2023-04-20 17:23:40+00:00,230420_1723,22.00999999999999,31298.219999999987,14.22,MSFT230421P00307500,2023-04-20 14:32:43+00:00,230420_1432,20.15,21.55,22.9,-2.1900005,-9.803046,3.0,9,0.579105771484375,True,2023-04-20 14:32:43+00:00,230420_1432,-22.00999999999999,-198.08999999999992,181.35
54,230421,310.0,MSFT230421C00310000,2023-04-20 19:33:00+00:00,230420_1933,0.01,0.0,0.01,0.0,0.0,197,6707,0.414068359375,False,2023-04-20 19:33:00+00:00,230420_1933,24.50999999999999,164388.56999999995,67.07000000000001,MSFT230421P00310000,2023-04-20 18:03:46+00:00,230420_1803,21.8,24.0,24.65,1.2999992,6.3414598,28.0,80,0.5839885351562499,True,2023-04-20 18:03:46+00:00,230420_1803,-24.50999999999999,-1960.7999999999993,1744.0
55,230421,312.5,MSFT230421C00312500,2023-04-19 19:58:37+00:00,230419_1958,0.01,0.0,0.01,0.0,0.0,4,239,0.45313046875,False,2023-04-19 19:58:37+00:00,230419_1958,27.00999999999999,6455.389999999998,2.39,MSFT230421P00312500,2023-04-20 18:03:46+00:00,230420_1803,24.3,26.8,27.3,0.75,3.1847134,6.0,10,0.5273484765625001,True,2023-04-20 18:03:46+00:00,230420_1803,-27.00999999999999,-270.0999999999999,243.0
56,230421,315.0,MSFT230421C00315000,2023-04-20 18:43:11+00:00,230420_1843,0.01,0.0,0.0,0.0,0.0,54,7940,0.2500075,False,2023-04-20 18:43:11+00:00,230420_1843,29.50999999999999,234309.39999999994,79.4,MSFT230421P00315000,2023-04-13 14:38:21+00:00,230413_1438,27.6,29.3,29.95,0.0,0.0,20.0,0,0.6562534375000001,True,2023-04-13 14:38:21+00:00,230413_1438,-29.50999999999999,-0.0,0.0
57,230421,320.0,MSFT230421C00320000,2023-04-20 19:33:33+00:00,230420_1933,0.01,0.0,0.01,0.0,0.0,2,2773,0.51562984375,False,2023-04-20 19:33:33+00:00,230420_1933,34.50999999999999,95696.22999999998,27.73,MSFT230421P00320000,2023-04-20 19:16:29+00:00,230420_1916,34.29,34.25,34.9,2.8400002,9.030207,106.0,5,0.68555001953125,True,2023-04-20 19:16:29+00:00,230420_1916,-34.50999999999999,-172.54999999999995,171.45
58,230421,325.0,MSFT230421C00325000,2023-04-19 19:25:52+00:00,230419_1925,0.01,0.0,0.01,0.0,0.0,9,2709,0.57812921875,False,2023-04-19 19:25:52+00:00,230419_1925,39.50999999999999,107032.58999999998,27.09,MSFT230421P00325000,2023-04-19 13:51:56+00:00,230419_1351,39.78,39.25,40.0,0.0,0.0,106.0,0,0.8281267187499999,True,2023-04-19 13:51:56+00:00,230419_1351,-39.50999999999999,-0.0,0.0
59,230421,330.0,MSFT230421C00330000,2023-04-20 16:27:04+00:00,230420_1627,0.01,0.0,0.01,0.0,0.0,22,2709,0.64062859375,False,2023-04-20 16:27:04+00:00,230420_1627,44.50999999999999,120577.58999999998,27.09,MSFT230421P00330000,2023-04-18 19:54:03+00:00,230418_1954,42.03,44.15,44.85,0.0,0.0,2.0,0,1.0800827246093752,True,2023-04-18 19:54:03+00:00,230418_1954,-44.50999999999999,-0.0,0.0
60,230421,335.0,MSFT230421C00335000,2023-04-19 13:48:41+00:00,230419_1348,0.01,0.0,0.01,0.0,0.0,5,1088,0.70312796875,False,2023-04-19 13:48:41+00:00,230419_1348,49.50999999999999,53866.87999999999,10.88,MSFT230421P00335000,2022-12-21 19:07:56+00:00,221221_1907,89.75,93.95,96.1,0.0,0.0,4.0,0,7.46582098022461,True,2022-12-21 19:07:56+00:00,221221_1907,-49.50999999999999,-0.0,0.0
61,230421,340.0,MSFT230421C00340000,2023-04-14 14:40:15+00:00,230414_1440,0.01,0.0,0.01,0.0,0.0,1,2899,0.7656273437500001,False,2023-04-14 14:40:15+00:00,230414_1440,54.50999999999999,158024.48999999996,28.990000000000002,MSFT230421P00340000,2023-04-17 16:07:23+00:00,230417_1607,52.7,54.25,54.9,0.0,0.0,2.0,0,0.99023447265625,True,2023-04-17 16:07:23+00:00,230417_1607,-54.50999999999999,-0.0,0.0
62,230421,345.0,MSFT230421C00345000,2023-04-19 17:58:25+00:00,230419_1758,0.01,0.0,0.0,0.0,0.0,19,1066,0.500005,False,2023-04-19 17:58:25+00:00,230419_1758,59.50999999999999,63437.65999999999,10.66,MSFT230421P00345000,2022-09-06 14:24:51+00:00,220906_1424,91.83,95.9,97.35,0.0,0.0,30.0,0,6.794679241027833,True,2022-09-06 14:24:51+00:00,220906_1424,-59.50999999999999,-0.0,0.0
63,230421,350.0,MSFT230421C00350000,2023-04-12 13:59:24+00:00,230412_1359,0.01,0.0,0.01,0.0,0.0,2,1143,0.87500125,False,2023-04-12 13:59:24+00:00,230412_1359,64.50999999999999,73734.93,11.43,MSFT230421P00350000,2023-03-31 18:48:38+00:00,230331_1848,63.6,64.15,65.05,0.0,0.0,1.0,1,1.1757853710937498,True,2023-03-31 18:48:38+00:00,230331_1848,-64.50999999999999,-64.50999999999999,63.6
64,230421,355.0,MSFT230421C00355000,2023-04-11 19:39:51+00:00,230411_1939,0.02,0.0,0.01,0.0,0.0,2,621,0.937500625,False,2023-04-11 19:39:51+00:00,230411_1939,69.50999999999999,43165.70999999999,12.42,MSFT230421P00355000,2023-01-23 17:25:06+00:00,230123_1725,110.55,101.95,105.7,0.0,0.0,2.0,0,6.765382402648926,True,2023-01-23 17:25:06+00:00,230123_1725,-69.50999999999999,-0.0,0.0
65,230421,360.0,MSFT230421C00360000,2023-04-11 19:31:22+00:00,230411_1931,0.04,0.0,0.0,0.0,0.0,1,15290,0.500005,False,2023-04-11 19:31:22+00:00,230411_1931,74.50999999999999,1139257.9,611.6,MSFT230421P00360000,2023-01-12 20:11:04+00:00,230112_2011,122.34,96.2,99.2,0.0,0.0,1.0,0,5.540286277770995,True,2023-01-12 20:11:04+00:00,230112_2011,-74.50999999999999,-0.0,0.0
66,230421,365.0,MSFT230421C00365000,2023-04-18 19:54:03+00:00,230418_1954,0.01,0.0,0.01,0.0,0.0,2,555,1.0312548437500002,False,2023-04-18 19:54:03+00:00,230418_1954,79.50999999999999,44128.049999999996,5.55,MSFT230421P00365000,2022-12-14 14:30:02+00:00,221214_1430,107.48,0.0,0.0,0.0,0.0,2.0,0,1.0000000000000003e-05,True,2022-12-14 14:30:02+00:00,221214_1430,-79.50999999999999,-0.0,0.0
67,230421,370.0,MSFT230421C00370000,2023-03-24 19:11:34+00:00,230324_1911,0.02,0.0,0.01,0.0,0.0,13,426,1.09375453125,False,2023-03-24 19:11:34+00:00,230324_1911,84.50999999999999,36001.259999999995,8.52,MSFT230421P00370000,2022-12-13 17:19:36+00:00,221213_1719,115.25,130.4,133.05,0.0,0.0,1.0,0,8.741459614715575,True,2022-12-13 17:19:36+00:00,221213_1719,-84.50999999999999,-0.0,0.0
68,230421,375.0,MSFT230421C00375000,2023-03-22 15:07:49+00:00,230322_1507,0.02,0.0,0.01,0.0,0.0,10,695,1.15625421875,False,2023-03-22 15:07:49+00:00,230322_1507,89.50999999999999,62209.45,13.9,MSFT230421P00375000,2022-12-13 17:16:36+00:00,221213_1716,119.4,135.35,138.15,0.0,0.0,2.0,0,8.882328667297363,True,2022-12-13 17:16:36+00:00,221213_1716,-89.50999999999999,-0.0,0.0
69,230421,380.0,MSFT230421C00380000,2023-04-19 14:52:54+00:00,230419_1452,0.01,0.0,0.0,0.0,0.0,8,361,0.500005,False,2023-04-19 14:52:54+00:00,230419_1452,94.50999999999999,34118.10999999999,3.61,MSFT230421P00380000,2022-11-07 17:37:28+00:00,221107_1737,156.4,134.6,136.45,0.0,0.0,2.0,0,8.272221626739501,True,2022-11-07 17:37:28+00:00,221107_1737,-94.50999999999999,-0.0,0.0
70,230421,385.0,MSFT230421C00385000,2023-04-12 14:57:01+00:00,230412_1457,0.01,0.0,0.01,0.0,0.0,15,922,1.2500037499999999,False,2023-04-12 14:57:01+00:00,230412_1457,99.50999999999999,91748.21999999999,9.22,MSFT230421P00385000,2023-02-14 19:56:24+00:00,230214_1956,112.55,107.75,111.0,0.0,0.0,2.0,0,4.314457731933593,True,2023-02-14 19:56:24+00:00,230214_1956,-99.50999999999999,-0.0,0.0
71,230421,390.0,MSFT230421C00390000,2023-03-31 19:49:11+00:00,230331_1949,0.02,0.0,0.01,0.0,0.0,5,468,1.3125034374999998,False,2023-03-31 19:49:11+00:00,230331_1949,104.50999999999999,48910.67999999999,9.36,MSFT230421P00390000,2023-03-15 18:27:24+00:00,230315_1827,123.75,103.05,104.9,0.0,0.0,5.0,0,2.0673876440429684,True,2023-03-15 18:27:24+00:00,230315_1827,-104.50999999999999,-0.0,0.0
72,230421,395.0,MSFT230421C00395000,2023-03-17 17:14:25+00:00,230317_1714,0.04,0.0,0.01,0.0,0.0,4,1914,1.3437532812499997,False,2023-03-17 17:14:25+00:00,230317_1714,109.50999999999999,209602.13999999998,76.56,MSFT230421P00395000,2023-01-05 15:18:19+00:00,230105_1518,170.15,134.9,138.3,0.0,0.0,,0,6.936280626525879,True,2023-01-05 15:18:19+00:00,230105_1518,-109.50999999999999,-0.0,0.0
73,230421,400.0,MSFT230421C00400000,2023-04-19 14:32:33+00:00,230419_1432,0.01,0.0,0.0,0.0,0.0,5,464,0.500005,False,2023-04-19 14:32:33+00:00,230419_1432,114.50999999999999,53132.64,4.64,MSFT230421P00400000,2023-02-15 20:13:52+00:00,230215_2013,132.9,119.7,123.0,0.0,0.0,90.0,0,4.101811513366698,True,2023-02-15 20:13:52+00:00,230215_2013,-114.50999999999999,-0.0,0.0
74,230421,410.0,MSFT230421C00410000,2023-03-08 14:35:25+00:00,230308_1435,0.01,0.0,0.51,0.0,0.0,1,427,2.2011763720703117,False,2023-03-08 14:35:25+00:00,230308_1435,124.50999999999999,53165.77,4.2700000000000005,MSFT230421P00410000,2023-04-19 14:06:33+00:00,230419_1406,124.3,124.25,124.45,0.0,0.0,1.0,0,1.0000000000000003e-05,True,2023-04-19 14:06:33+00:00,230419_1406,-124.50999999999999,-0.0,0.0
75,230421,420.0,MSFT230421C00420000,2023-03-17 18:30:48+00:00,230317_1830,0.03,0.0,0.24,0.0,0.0,14,316,2.113285966796875,False,2023-03-17 18:30:48+00:00,230317_1830,134.51,42505.159999999996,9.48,MSFT230421P00420000,2023-04-19 16:35:21+00:00,230419_1635,131.0,134.25,134.45,0.0,0.0,3.0,1,1.0000000000000003e-05,True,2023-04-19 16:35:21+00:00,230419_1635,-134.51,-134.51,131.0
76,230421,430.0,MSFT230421C00430000,2023-04-19 19:03:04+00:00,230419_1903,0.01,0.0,0.01,0.0,0.0,1,482,1.65625171875,False,2023-04-19 19:03:04+00:00,230419_1903,144.51,69653.81999999999,4.82,MSFT230421P00430000,2023-04-19 14:01:59+00:00,230419_1401,144.2,144.3,144.5,0.0,0.0,5.0,0,1.0000000000000003e-05,True,2023-04-19 14:01:59+00:00,230419_1401,-144.51,-0.0,0.0
